<!DOCTYPE html PUBLIC "-//W3C//DTD XHTML 1.0 Transitional//EN" "http://www.w3.org/TR/xhtml1/DTD/xhtml1-transitional.dtd">
<!--
 Licensed to the Apache Software Foundation (ASF) under one or more
 contributor license agreements.  See the NOTICE file distributed with
 this work for additional information regarding copyright ownership.
 The ASF licenses this file to You under the Apache License, Version 2.0
 (the "License"); you may not use this file except in compliance with
 the License.  You may obtain a copy of the License at

      http://www.apache.org/licenses/LICENSE-2.0

 Unless required by applicable law or agreed to in writing, software
 distributed under the License is distributed on an "AS IS" BASIS,
 WITHOUT WARRANTIES OR CONDITIONS OF ANY KIND, either express or implied.
 See the License for the specific language governing permissions and
 limitations under the License.

-->
<!-- Generated by Apache Maven Doxia at Aug 3, 2011 -->
<html xmlns="http://www.w3.org/1999/xhtml" xml:lang="en" lang="en">
  <head>
    <meta http-equiv="Content-Type" content="text/html; charset=UTF-8" />
    <title>Apache Logging Services Project - Apache log4j™</title>
    <style type="text/css" media="all">
      @import url("../css/maven-base.css");
      @import url("../css/maven-theme.css");
      @import url("../css/site.css");
    </style>
    <link rel="stylesheet" href="../css/print.css" type="text/css" media="print" />
    <meta http-equiv="Content-Language" content="en" />
      </head>
  <body class="composite">
    <div id="banner">
                  <a href="" id="bannerLeft">
                                                <img src="../images/ls-logo.jpg" alt="Apache Logging Services Project" />
                </a>
                    <div class="clear">
        <hr/>
      </div>
    </div>
    <div id="breadcrumbs">
            
        
                <div class="xleft">
        <span id="publishDate">Last Published: 2011-08-03</span>
                  &nbsp;| <span id="projectVersion">Version: 2010.11</span>
                          |                           <a href="http://www.apache.org/" class="externalLink" title="Apache">Apache</a>
                &gt;
                              <a href="http://logging.apache.org/" class="externalLink" title="Logging Services">Logging Services</a>
                          </div>
            <div class="xright">        
        
      </div>
      <div class="clear">
        <hr/>
      </div>
    </div>
    <div id="leftColumn">
      <div id="navcolumn">
             
        
                                <h5>Project</h5>
                  <ul>
                  <li class="none">
                          <a href="../index.html" title="Welcome">Welcome</a>
            </li>
                  <li class="none">
                          <a href="../news.html" title="News">News</a>
            </li>
                  <li class="none">
                          <a href="../team-list.html" title="Team">Team</a>
            </li>
                  <li class="none">
                          <a href="../mail-lists.html" title="Mailing List">Mailing List</a>
            </li>
                  <li class="none">
                          <a href="http://www.apache.org/licenses/" class="externalLink" title="License">License</a>
            </li>
                  <li class="none">
                          <a href="http://wiki.apache.org/logging" class="externalLink" title="Wiki">Wiki</a>
            </li>
          </ul>
                       <h5>Products</h5>
                  <ul>
                  <li class="none">
                          <a href="../chainsaw/index.html" title="chainsaw">chainsaw</a>
            </li>
                  <li class="none">
                          <a href="../log4cxx/index.html" title="log4cxx">log4cxx</a>
            </li>
                  <li class="none">
                          <a href="../log4j/1.2/index.html" title="log4j">log4j</a>
            </li>
                                                                                                  <li class="expanded">
                          <a href="../" title="log4j companions">log4j companions</a>
                    <ul>
                      <li class="none">
                          <a href="../log4j/companions/component/index.html" title="component">component</a>
            </li>
                      <li class="none">
                          <a href="../log4j/companions/extras/index.html" title="extras">extras</a>
            </li>
                      <li class="none">
                          <a href="../log4j/companions/receivers/index.html" title="receivers">receivers</a>
            </li>
              </ul>
        </li>
                  <li class="none">
                          <a href="../log4j/2.0/index.html" title="log4j 2">log4j 2</a>
            </li>
                  <li class="none">
                          <a href="../log4net/index.html" title="log4net">log4net</a>
            </li>
                  <li class="none">
                          <a href="../log4php/index.html" title="log4php">log4php</a>
            </li>
          </ul>
                       <h5>Apache</h5>
                  <ul>
                  <li class="none">
                          <a href="http://www.apache.org" class="externalLink" title="Home">Home</a>
            </li>
                  <li class="none">
                          <a href="http://www.apache.org/foundation/sponsorship.html" class="externalLink" title="Sponsorship">Sponsorship</a>
            </li>
                  <li class="none">
                          <a href="http://www.apache.org/foundation/thanks.html" class="externalLink" title="Thanks">Thanks</a>
            </li>
                  <li class="none">
                          <a href="http://www.apache.org/security/" class="externalLink" title="Security">Security</a>
            </li>
                  <li class="none">
                          <a href="http://www.apachecon.com" class="externalLink" title="Conferences">Conferences</a>
            </li>
          </ul>
                             <a href="http://maven.apache.org/" title="Built by Maven" class="poweredBy">
        <img class="poweredBy" alt="Built by Maven" src="../images/logos/maven-feather.png" />
      </a>
                   
        
            </div>
    </div>
    <div id="bodyColumn">
      <div id="contentBox">
        <div class="section"><h2>Apache log4j™</h2>
<p>Apache log4j has three development branches: a stable branch, <a href="1.2/index.html">1.2</a>; a discontinued branch, <a href="1.3/index.html">1.3</a>; and an experimental branch, <a href="2.0/index.html">2.0</a>.</p>
<p>Apache log4j 1.2 releases are widely deployed. Development on the 1.2 branch is generally limited to bug fixing and minor enhancements.</p>
<p>Apache log4j 1.3 alpha releases are in limited use. Apache log4j 1.3 added many interesting features, but was compatibility with log4j 1.2 was problematic. Many features original developed for log4j 1.3 have been back-ported as <a href="companions/index.html">companions</a> for log4j 1.2. No further development is anticipated for log4j 1.3.</p>
<p>Apache log4j 2.0 is an experimental development branch for logging services designed for Java 5 and later.</p>
<p>Oracle and Java are registered trademarks of Oracle and/or its affiliates. Other names may be trademarks of their respective owners</p>
</div>

      </div>
    </div>
    <div class="clear">
      <hr/>
    </div>
    <div id="footer">
      <div class="xleft">Copyright &#169;                    2011
                        <a href="http://www.apache.org">The Apache Software Foundation</a>.
                  
        
       Licensed under the <a href="http://www.apache.org/licenses/LICENSE-2.0">Apache Software License, Version 2.0</a>.</div>
      <div class="xleft">Apache Extras Companion for Apache log4j, Apache log4j, Apache, the Apache feather logo,
   the Apache Logging Services project logo, the log4j logo, and the Built by Maven logo are trademarks of The Apache Software Foundation.  Oracle and Java are registered trademarks of Oracle and/or its affiliates. Other names may be trademarks of their respective owners.</div>
      <div class="clear">
        <hr/>
      </div>
    </div>
  </body>
</html>
