<?xml version="1.0" encoding="UTF-8" ?>
<!DOCTYPE log4j:configuration SYSTEM "log4j.dtd">
<log4j:configuration xmlns:log4j='http://jakarta.apache.org/log4j/'>
    <!-- appender určuje, kam se bude logovat, v tomto případě na konzolu -->
    <appender name="STDOUT" class="org.apache.log4j.ConsoleAppender">
        <layout class="org.apache.log4j.PatternLayout">
            <param name="ConversionPattern" value="%d [%t] %-5p %c - %m%n"/>
        </layout>
    </appender>
    <!-- tento appender loguje do denně rotovaného souboru  v adresáři určeném obsahem systémové property catalina.base-->
    <appender name="roll" class="org.apache.log4j.DailyRollingFileAppender">
        <param name="File" value="logs/pbsmon2.log4j"/>
        <param name="DatePattern" value=".yyyy-MM-dd"/>
        <layout class="org.apache.log4j.PatternLayout">
            <param name="ConversionPattern" value="%d [%t] %-5p %c - %m%n"/>
        </layout>
    </appender>

    <appender name="FA" class="org.apache.log4j.FileAppender">
        <param name="File" value="logs/basic.log"/>
        <param name="Threshold" value="DEBUG"/>
        <layout class="org.apache.log4j.PatternLayout">
            <param name="ConversionPattern" value="%d %-4r [%t] %-5p %c %x - %m%n" />
        </layout>
    </appender>
    <!-- category určuje úroveň logování pro třídy v určitém package -->
    <category name="cz.muni.fi.pv168">
        <priority value="debug"/>
        <appender-ref ref="FA"/>
        <!--<appender-ref ref="roll"/>-->
    </category>

    <category name="org.apache.log4j.xml">
        <priority value="info"/>
    </category>
    <category name="cz.muni.fi.pv168">
        <priority value="debug"/>
    </category>
    <category name="org.springframework.transaction">
        <priority value="debug"/>
    </category>
    <category name="org.springframework.jdbc.datasource.DataSourceTransactionManager">
        <priority value="debug"/>
    </category>
    <category name="org.springframework.jdbc.core">
        <priority value="debug"/>
    </category>
    <category name="org.springframework.jdbc.core.StatementCreatorUtils">
        <priority value="trace"/>
    </category>

    <root>
        <priority value="info"/>
        <appender-ref ref="STDOUT"/>
    </root>
</log4j:configuration>